Model,Mean Absolute Error (MAE),Mean Squared Error (MSE),Root Mean Squared Error (RMSE),R-squared (R2)
Linear Regression,1.894642330970405,4.8991926003240875,2.213411981607601,-0.01698949081056611
Decision Tree,2.7357,11.108816999999998,3.3329891989023905,-1.3060024510141552
Random Forest,1.9142783333333333,5.0773737786333335,2.253302859944338,-0.05397688865011219
Support Vector Regressor,1.9190144042216593,4.937407129384972,2.2220277067095657,-0.024922180464086452
